{"clean": [1.0, 1.0, 1.0, 1.0, 0.8481655701754386, 1.0, 1.0, 0.8804520627741228, 1.0, 1.0, 0.8044842496815503, 0.4, 0.9617803958557045, 1.0, 0.853658447792421, 1.0, 1.0, 0.4709044745583758, 1.0, 1.0, 1.0, 1.0, 1.0, 1.0, 1.0, 1.0, 1.0, 1.0, 0.9747036047149124, 1.0, 1.0, 1.0, 0.8481655701754386, 1.0, 1.0, 1.0, 1.0, 0.8044842496815503, 1.0, 0.9617803958557045, 1.0, 0.853658447792421, 1.0, 1.0, 1.0, 0.4709044745583758, 1.0, 1.0, 1.0, 1.0, 1.0, 1.0, 1.0, 1.0, 1.0, 1.0, 1.0, 1.0, 1.0, 1.0, 0.8481655701754386, 1.0, 1.0, 0.8804520627741228, 1.0, 1.0, 0.8044842496815503, 1.0, 0.9617803958557045, 1.0, 0.853658447792421, 1.0, 1.0, 0.4709044745583758, 1.0, 1.0, 1.0, 1.0, 1.0, 1.0, 1.0, 1.0, 1.0, 1.0, 1.0], "low_light": [0.42931071820175437, 0.4, 0.4, 0.25844858819953076, 0.4, 0.4, 0.4, 0.16000000000000003, 0.43208614309210525, 0.8579765967653509, 0.6292113486842106, 0.4, 0.5425232957725613, 0.4, 0.4, 0.4, 0.4, 0.22538075657894738, 0.27773784647411776, 0.4, 0.4, 0.4, 0.4, 0.4, 0.4, 0.4, 0.4716800644188596, 0.4, 0.4, 0.4, 0.4, 0.4, 0.25844858819953076, 0.4, 0.4, 0.4, 0.4, 0.43208614309210525, 0.8579765967653509, 0.6292113486842106, 0.4, 0.16000000000000003, 0.4, 0.4, 0.3695578102477181, 0.4, 0.4, 0.22538075657894738, 0.27773784647411776, 0.4, 0.4, 0.4, 0.4, 0.4, 0.4, 0.4716800644188596, 0.4, 0.4, 0.6998827782346491, 0.4, 0.4, 0.25844858819953076, 0.4, 0.4, 0.4, 0.29430251747909086, 0.8579765967653509, 0.6292113486842106, 0.6308619791666666, 0.29625283331163194, 0.3695578102477181, 0.5865886444627193, 0.4, 0.22538075657894738, 0.27773784647411776, 0.4, 0.4, 0.4, 0.4, 0.4, 0.3014683137125439, 0.4716800644188596, 0.4, 0.4]}