{
  "2": {
    "center_x": -8.166396991577148,
    "center_z": -1.1163749999999997,
    "px_per_m": 68.0,
    "floor_y": 2.4483883380889893,
    "res": 1400,
    "span_m": 20.314933983154297,
    "scene": "yr17PDCnDDW.basis.glb"
  },
  "4": {
    "center_x": 0.09427500000000011,
    "center_z": -5.645653924903869,
    "px_per_m": 72.0,
    "floor_y": 0.046541884541511536,
    "res": 1400,
    "span_m": 19.30259,
    "scene": "VBzV5z6i1WS.basis.glb"
  },
  "6": {
    "center_x": 2.0413933396339417,
    "center_z": 5.704696638069152,
    "px_per_m": 95.0,
    "floor_y": 0.12765538692474365,
    "res": 1400,
    "span_m": 14.790446723861693,
    "scene": "BAbdmeyTvMZ.basis.glb"
  },
  "7": {
    "center_x": -0.691787875328064,
    "center_z": 3.478765068149567,
    "px_per_m": 105.0,
    "floor_y": 1.1908085346221924,
    "res": 1400,
    "span_m": 13.290369863700867,
    "scene": "a8BtkwhxdRV.basis.glb"
  },
  "8": {
    "center_x": -5.226992735595703,
    "center_z": -0.3715444803237915,
    "px_per_m": 132.0,
    "floor_y": 2.6352195739746094,
    "res": 1400,
    "span_m": 10.561105471191407,
    "scene": "q3zU7Yy5E5s.basis.glb"
  }
}